datetime,tide_m,pair,month,day
2023-01-01 05:31:00,1.58,1,1,1
2023-01-01 11:27:00,1.03,2,1,1
2023-01-01 18:44:00,2.05,3,1,1
2023-01-02 01:18:00,0.98,1,1,2
2023-01-02 07:18:00,1.44,2,1,2
2023-01-02 12:07:00,1.16,3,1,2
2023-01-02 19:11:00,2.17,4,1,2
2023-01-03 02:26:00,0.76,1,1,3
2023-01-03 09:09:00,1.41,2,1,3
2023-01-03 12:43:00,1.26,3,1,3
2023-01-03 19:37:00,2.29,4,1,3
2023-01-04 03:18:00,0.57,1,1,4
2023-01-04 10:08:00,1.42,2,1,4
2023-01-04 13:17:00,1.31,3,1,4
2023-01-04 20:04:00,2.39,4,1,4
2023-01-05 04:02:00,0.42,1,1,5
2023-01-05 10:48:00,1.43,2,1,5
2023-01-05 13:50:00,1.33,3,1,5
2023-01-05 20:34:00,2.47,4,1,5
2023-01-06 04:42:00,0.34,1,1,6
2023-01-06 11:19:00,1.44,2,1,6
2023-01-06 14:25:00,1.32,3,1,6
2023-01-06 21:06:00,2.52,4,1,6
2023-01-07 05:20:00,0.29,1,1,7
2023-01-07 11:48:00,1.45,2,1,7
2023-01-07 15:01:00,1.3,3,1,7
2023-01-07 21:38:00,2.54,4,1,7
2023-01-08 05:55:00,0.29,1,1,8
2023-01-08 12:17:00,1.46,2,1,8
2023-01-08 15:38:00,1.28,3,1,8
2023-01-08 22:11:00,2.53,4,1,8
2023-01-09 06:28:00,0.32,1,1,9
2023-01-09 12:45:00,1.46,2,1,9
2023-01-09 16:16:00,1.26,3,1,9
2023-01-09 22:44:00,2.5,4,1,9
2023-01-10 07:00:00,0.37,1,1,10
2023-01-10 13:13:00,1.47,2,1,10
2023-01-10 16:56:00,1.26,3,1,10
2023-01-10 23:18:00,2.43,4,1,10
2023-01-11 07:29:00,0.43,1,1,11
2023-01-11 13:42:00,1.5,2,1,11
2023-01-11 17:39:00,1.27,3,1,11
2023-01-11 23:52:00,2.33,4,1,11
2023-01-12 07:58:00,0.51,1,1,12
2023-01-12 14:16:00,1.54,2,1,12
2023-01-12 18:27:00,1.29,3,1,12
2023-01-13 00:28:00,2.19,1,1,13
2023-01-13 08:28:00,0.61,2,1,13
2023-01-13 14:54:00,1.6,3,1,13
2023-01-13 19:25:00,1.32,4,1,13
2023-01-14 01:08:00,2.0,1,1,14
2023-01-14 09:00:00,0.72,2,1,14
2023-01-14 15:34:00,1.69,3,1,14
2023-01-14 20:46:00,1.31,4,1,14
2023-01-15 01:55:00,1.78,1,1,15
2023-01-15 09:35:00,0.85,2,1,15
2023-01-15 16:16:00,1.8,3,1,15
2023-01-15 22:24:00,1.23,4,1,15
2023-01-16 03:09:00,1.54,1,1,16
2023-01-16 10:15:00,0.99,2,1,16
2023-01-16 16:57:00,1.96,3,1,16
2023-01-16 23:57:00,1.05,4,1,16
2023-01-17 06:02:00,1.37,1,1,17
2023-01-17 11:01:00,1.12,2,1,17
2023-01-17 17:41:00,2.14,3,1,17
2023-01-18 01:28:00,0.79,1,1,18
2023-01-18 08:25:00,1.37,2,1,18
2023-01-18 11:53:00,1.23,3,1,18
2023-01-18 18:26:00,2.35,4,1,18
2023-01-19 02:35:00,0.52,1,1,19
2023-01-19 09:41:00,1.43,2,1,19
2023-01-19 12:50:00,1.29,3,1,19
2023-01-19 19:15:00,2.55,4,1,19
2023-01-20 03:32:00,0.28,1,1,20
2023-01-20 10:33:00,1.49,2,1,20
2023-01-20 13:47:00,1.3,3,1,20
2023-01-20 20:06:00,2.73,4,1,20
2023-01-21 04:23:00,0.1,1,1,21
2023-01-21 11:16:00,1.52,2,1,21
2023-01-21 14:43:00,1.26,3,1,21
2023-01-21 21:00:00,2.85,4,1,21
2023-01-22 05:11:00,0.01,1,1,22
2023-01-22 11:55:00,1.54,2,1,22
2023-01-22 15:36:00,1.2,3,1,22
2023-01-22 21:50:00,2.89,4,1,22
2023-01-23 05:55:00,0.0,1,1,23
2023-01-23 12:33:00,1.56,2,1,23
2023-01-23 16:29:00,1.13,3,1,23
2023-01-23 22:41:00,2.85,4,1,23
2023-01-24 06:37:00,0.07,1,1,24
2023-01-24 13:10:00,1.59,2,1,24
2023-01-24 17:21:00,1.07,3,1,24
2023-01-24 23:31:00,2.71,4,1,24
2023-01-25 07:16:00,0.2,1,1,25
2023-01-25 13:49:00,1.64,2,1,25
2023-01-25 18:16:00,1.05,3,1,25
2023-01-26 00:20:00,2.5,1,1,26
2023-01-26 07:51:00,0.39,2,1,26
2023-01-26 14:28:00,1.7,3,1,26
2023-01-26 19:16:00,1.06,4,1,26
2023-01-27 01:08:00,2.22,1,1,27
2023-01-27 08:24:00,0.59,2,1,27
2023-01-27 15:09:00,1.76,3,1,27
2023-01-27 20:28:00,1.09,4,1,27
2023-01-28 01:57:00,1.9,1,1,28
2023-01-28 08:51:00,0.8,2,1,28
2023-01-28 15:53:00,1.83,3,1,28
2023-01-28 21:50:00,1.09,4,1,28
2023-01-29 03:00:00,1.57,1,1,29
2023-01-29 09:12:00,1.0,2,1,29
2023-01-29 16:41:00,1.9,3,1,29
2023-01-29 23:23:00,1.01,4,1,29
2023-01-30 05:14:00,1.3,1,1,30
2023-01-30 09:25:00,1.16,2,1,30
2023-01-30 17:32:00,1.98,3,1,30
2023-01-31 01:14:00,0.85,1,1,31
2023-01-31 18:20:00,2.07,2,1,31
2023-02-01 02:29:00,0.65,1,2,1
2023-02-01 19:04:00,2.16,2,2,1
2023-02-02 03:17:00,0.48,1,2,2
2023-02-02 19:44:00,2.25,2,2,2
2023-02-03 03:55:00,0.37,1,2,3
2023-02-03 10:53:00,1.4,2,2,3
2023-02-03 13:29:00,1.35,3,2,3
2023-02-03 20:22:00,2.33,4,2,3
2023-02-04 04:29:00,0.3,1,2,4
2023-02-04 11:05:00,1.42,2,2,4
2023-02-04 14:21:00,1.29,3,2,4
2023-02-04 20:59:00,2.39,4,2,4
2023-02-05 05:01:00,0.27,1,2,5
2023-02-05 11:22:00,1.45,2,2,5
2023-02-05 15:05:00,1.21,3,2,5
2023-02-05 21:34:00,2.43,4,2,5
2023-02-06 05:31:00,0.28,1,2,6
2023-02-06 11:40:00,1.48,2,2,6
2023-02-06 15:47:00,1.13,3,2,6
2023-02-06 22:09:00,2.44,4,2,6
2023-02-07 05:59:00,0.32,1,2,7
2023-02-07 11:58:00,1.52,2,2,7
2023-02-07 16:27:00,1.07,3,2,7
2023-02-07 22:42:00,2.41,4,2,7
2023-02-08 06:24:00,0.38,1,2,8
2023-02-08 12:16:00,1.57,2,2,8
2023-02-08 17:08:00,1.02,3,2,8
2023-02-08 23:16:00,2.34,4,2,8
2023-02-09 06:46:00,0.46,1,2,9
2023-02-09 12:36:00,1.64,2,2,9
2023-02-09 17:49:00,0.99,3,2,9
2023-02-09 23:50:00,2.23,4,2,9
2023-02-10 07:07:00,0.55,1,2,10
2023-02-10 13:00:00,1.71,2,2,10
2023-02-10 18:33:00,0.98,3,2,10
2023-02-11 00:25:00,2.07,1,2,11
2023-02-11 07:29:00,0.67,2,2,11
2023-02-11 13:27:00,1.79,3,2,11
2023-02-11 19:24:00,0.99,4,2,11
2023-02-12 01:03:00,1.86,1,2,12
2023-02-12 07:53:00,0.8,2,2,12
2023-02-12 13:59:00,1.87,3,2,12
2023-02-12 20:27:00,0.99,4,2,12
2023-02-13 01:49:00,1.62,1,2,13
2023-02-13 08:17:00,0.96,2,2,13
2023-02-13 14:39:00,1.95,3,2,13
2023-02-13 21:51:00,0.94,4,2,13
2023-02-14 03:34:00,1.36,1,2,14
2023-02-14 08:41:00,1.12,2,2,14
2023-02-14 15:33:00,2.05,3,2,14
2023-02-14 23:25:00,0.83,4,2,14
2023-02-15 16:41:00,2.17,1,2,15
2023-02-16 01:16:00,0.63,1,2,16
2023-02-16 17:51:00,2.32,2,2,16
2023-02-17 02:30:00,0.39,1,2,17
2023-02-17 09:59:00,1.47,2,2,17
2023-02-17 12:34:00,1.4,3,2,17
2023-02-17 18:59:00,2.48,4,2,17
2023-02-18 03:24:00,0.2,1,2,18
2023-02-18 10:27:00,1.53,2,2,18
2023-02-18 13:49:00,1.31,3,2,18
2023-02-18 20:01:00,2.63,4,2,18
2023-02-19 04:10:00,0.08,1,2,19
2023-02-19 10:55:00,1.57,2,2,19
2023-02-19 14:49:00,1.16,3,2,19
2023-02-19 20:58:00,2.73,4,2,19
2023-02-20 04:51:00,0.04,1,2,20
2023-02-20 11:24:00,1.63,2,2,20
2023-02-20 15:43:00,1.0,3,2,20
2023-02-20 21:51:00,2.75,4,2,20
2023-02-21 05:29:00,0.09,1,2,21
2023-02-21 11:54:00,1.69,2,2,21
2023-02-21 16:34:00,0.86,3,2,21
2023-02-21 22:42:00,2.68,4,2,21
2023-02-22 06:04:00,0.21,1,2,22
2023-02-22 12:22:00,1.77,2,2,22
2023-02-22 17:24:00,0.77,3,2,22
2023-02-22 23:31:00,2.52,4,2,22
2023-02-23 06:34:00,0.38,1,2,23
2023-02-23 12:48:00,1.85,2,2,23
2023-02-23 18:15:00,0.74,3,2,23
2023-02-24 00:16:00,2.28,1,2,24
2023-02-24 06:58:00,0.58,2,2,24
2023-02-24 13:10:00,1.92,3,2,24
2023-02-24 19:08:00,0.76,4,2,24
2023-02-25 01:00:00,1.99,1,2,25
2023-02-25 07:16:00,0.77,2,2,25
2023-02-25 13:29:00,1.97,3,2,25
2023-02-25 20:09:00,0.81,4,2,25
2023-02-26 01:47:00,1.68,1,2,26
2023-02-26 07:32:00,0.96,2,2,26
2023-02-26 13:55:00,2.0,3,2,26
2023-02-26 21:20:00,0.85,4,2,26
2023-02-27 02:54:00,1.39,1,2,27
2023-02-27 07:43:00,1.12,2,2,27
2023-02-27 14:32:00,2.0,3,2,27
2023-02-27 22:47:00,0.85,4,2,27
2023-02-28 15:29:00,1.98,1,2,28
2023-03-01 00:46:00,0.76,1,3,1
2023-03-01 17:04:00,1.98,2,3,1
2023-03-02 02:06:00,0.6,1,3,2
2023-03-02 18:31:00,2.04,2,3,2
2023-03-03 02:51:00,0.48,1,3,3
2023-03-03 19:26:00,2.12,2,3,3
2023-03-04 03:27:00,0.4,1,3,4
2023-03-04 10:27:00,1.49,2,3,4
2023-03-04 13:48:00,1.36,3,3,4
2023-03-04 20:11:00,2.2,4,3,4
2023-03-05 03:58:00,0.36,1,3,5
2023-03-05 10:29:00,1.52,2,3,5
2023-03-05 14:35:00,1.23,3,3,5
2023-03-05 20:51:00,2.27,4,3,5
2023-03-06 04:27:00,0.35,1,3,6
2023-03-06 10:38:00,1.57,2,3,6
2023-03-06 15:14:00,1.09,3,3,6
2023-03-06 21:29:00,2.31,4,3,6
2023-03-07 04:53:00,0.38,1,3,7
2023-03-07 10:50:00,1.64,2,3,7
2023-03-07 15:52:00,0.96,3,3,7
2023-03-07 22:05:00,2.32,4,3,7
2023-03-08 05:17:00,0.43,1,3,8
2023-03-08 11:05:00,1.73,2,3,8
2023-03-08 16:30:00,0.85,3,3,8
2023-03-08 22:40:00,2.29,4,3,8
2023-03-09 05:37:00,0.51,1,3,9
2023-03-09 11:21:00,1.83,2,3,9
2023-03-09 17:08:00,0.77,3,3,9
2023-03-09 23:16:00,2.21,4,3,9
2023-03-10 05:55:00,0.59,1,3,10
2023-03-10 11:41:00,1.93,2,3,10
2023-03-10 17:48:00,0.71,3,3,10
2023-03-10 23:53:00,2.08,4,3,10
2023-03-11 06:15:00,0.7,1,3,11
2023-03-11 12:04:00,2.03,2,3,11
2023-03-11 18:31:00,0.69,3,3,11
2023-03-12 00:32:00,1.9,1,3,12
2023-03-12 06:37:00,0.83,2,3,12
2023-03-12 12:30:00,2.11,3,3,12
2023-03-12 19:20:00,0.68,4,3,12
2023-03-13 01:19:00,1.69,1,3,13
2023-03-13 07:00:00,0.98,2,3,13
2023-03-13 13:01:00,2.17,3,3,13
2023-03-13 20:20:00,0.7,4,3,13
2023-03-14 02:39:00,1.45,1,3,14
2023-03-14 07:20:00,1.14,2,3,14
2023-03-14 13:38:00,2.2,3,3,14
2023-03-14 21:39:00,0.69,4,3,14
2023-03-15 14:30:00,2.21,1,3,15
2023-03-15 23:11:00,0.63,2,3,15
2023-03-16 15:57:00,2.22,1,3,16
2023-03-17 00:59:00,0.5,1,3,17
2023-03-17 17:36:00,2.28,2,3,17
2023-03-18 02:09:00,0.34,1,3,18
2023-03-18 09:38:00,1.6,2,3,18
2023-03-18 12:51:00,1.44,3,3,18
2023-03-18 18:55:00,2.39,4,3,18
2023-03-19 02:59:00,0.23,1,3,19
2023-03-19 09:57:00,1.66,2,3,19
2023-03-19 13:59:00,1.22,3,3,19
2023-03-19 20:00:00,2.5,4,3,19
2023-03-20 03:41:00,0.2,1,3,20
2023-03-20 10:19:00,1.74,2,3,20
2023-03-20 14:55:00,0.99,3,3,20
2023-03-20 20:57:00,2.55,4,3,20
2023-03-21 04:17:00,0.23,1,3,21
2023-03-21 10:41:00,1.83,2,3,21
2023-03-21 15:46:00,0.77,3,3,21
2023-03-21 21:50:00,2.52,4,3,21
2023-03-22 04:50:00,0.34,1,3,22
2023-03-22 11:02:00,1.94,2,3,22
2023-03-22 16:35:00,0.61,3,3,22
2023-03-22 22:40:00,2.41,4,3,22
2023-03-23 05:18:00,0.48,1,3,23
2023-03-23 11:19:00,2.06,2,3,23
2023-03-23 17:22:00,0.52,3,3,23
2023-03-23 23:29:00,2.24,4,3,23
2023-03-24 05:40:00,0.65,1,3,24
2023-03-24 11:37:00,2.16,2,3,24
2023-03-24 18:10:00,0.5,3,3,24
2023-03-25 00:16:00,2.01,1,3,25
2023-03-25 05:58:00,0.82,2,3,25
2023-03-25 11:59:00,2.22,3,3,25
2023-03-25 18:59:00,0.52,4,3,25
2023-03-26 01:03:00,1.77,1,3,26
2023-03-26 06:17:00,0.98,2,3,26
2023-03-26 12:25:00,2.24,3,3,26
2023-03-26 19:54:00,0.59,4,3,26
2023-03-27 01:59:00,1.53,1,3,27
2023-03-27 06:33:00,1.12,2,3,27
2023-03-27 12:52:00,2.21,3,3,27
2023-03-27 20:57:00,0.66,4,3,27
2023-03-28 03:17:00,1.34,1,3,28
2023-03-28 06:26:00,1.24,2,3,28
2023-03-28 13:24:00,2.14,3,3,28
2023-03-28 22:12:00,0.7,4,3,28
2023-03-29 14:10:00,2.04,1,3,29
2023-03-29 23:47:00,0.68,2,3,29
2023-03-30 15:45:00,1.96,1,3,30
2023-03-31 01:08:00,0.61,1,3,31
2023-03-31 17:43:00,1.95,2,3,31
2023-04-01 02:00:00,0.54,1,4,1
2023-04-01 09:49:00,1.59,2,4,1
2023-04-01 13:01:00,1.5,3,4,1
2023-04-01 18:57:00,2.0,4,4,1
2023-04-02 02:38:00,0.5,1,4,2
2023-04-02 09:37:00,1.62,2,4,2
2023-04-02 13:55:00,1.33,3,4,2
2023-04-02 19:49:00,2.07,4,4,2
2023-04-03 03:10:00,0.48,1,4,3
2023-04-03 09:35:00,1.68,2,4,3
2023-04-03 14:35:00,1.15,3,4,3
2023-04-03 20:34:00,2.12,4,4,3
2023-04-04 03:38:00,0.5,1,4,4
2023-04-04 09:44:00,1.77,2,4,4
2023-04-04 15:12:00,0.97,3,4,4
2023-04-04 21:16:00,2.15,4,4,4
2023-04-05 04:02:00,0.55,1,4,5
2023-04-05 09:57:00,1.89,2,4,5
2023-04-05 15:48:00,0.8,3,4,5
2023-04-05 21:58:00,2.14,4,4,5
2023-04-06 04:23:00,0.62,1,4,6
2023-04-06 10:13:00,2.02,2,4,6
2023-04-06 16:25:00,0.66,3,4,6
2023-04-06 22:39:00,2.09,4,4,6
2023-04-07 04:44:00,0.7,1,4,7
2023-04-07 10:33:00,2.15,2,4,7
2023-04-07 17:04:00,0.54,3,4,7
2023-04-07 23:23:00,2.01,4,4,7
2023-04-08 05:06:00,0.8,1,4,8
2023-04-08 10:56:00,2.28,2,4,8
2023-04-08 17:44:00,0.47,3,4,8
2023-04-09 00:09:00,1.88,1,4,9
2023-04-09 05:30:00,0.91,2,4,9
2023-04-09 11:23:00,2.37,3,4,9
2023-04-09 18:29:00,0.44,4,4,9
2023-04-10 01:02:00,1.72,1,4,10
2023-04-10 05:54:00,1.04,2,4,10
2023-04-10 11:52:00,2.43,3,4,10
2023-04-10 19:22:00,0.44,4,4,10
2023-04-11 02:10:00,1.55,1,4,11
2023-04-11 06:18:00,1.19,2,4,11
2023-04-11 12:26:00,2.44,3,4,11
2023-04-11 20:25:00,0.46,4,4,11
2023-04-12 03:36:00,1.41,1,4,12
2023-04-12 06:35:00,1.33,2,4,12
2023-04-12 13:08:00,2.4,3,4,12
2023-04-12 21:39:00,0.49,4,4,12
2023-04-13 14:07:00,2.31,1,4,13
2023-04-13 23:02:00,0.48,2,4,13
2023-04-14 15:48:00,2.23,1,4,14
2023-04-15 00:28:00,0.43,1,4,15
2023-04-15 08:37:00,1.66,2,4,15
2023-04-15 11:35:00,1.55,3,4,15
2023-04-15 17:33:00,2.23,4,4,15
2023-04-16 01:31:00,0.38,1,4,16
2023-04-16 08:53:00,1.74,2,4,16
2023-04-16 12:59:00,1.33,3,4,16
2023-04-16 18:51:00,2.27,4,4,16
2023-04-17 02:19:00,0.37,1,4,17
2023-04-17 09:13:00,1.82,2,4,17
2023-04-17 14:00:00,1.06,3,4,17
2023-04-17 19:55:00,2.29,4,4,17
2023-04-18 02:58:00,0.42,1,4,18
2023-04-18 09:32:00,1.94,2,4,18
2023-04-18 14:54:00,0.81,3,4,18
2023-04-18 20:52:00,2.26,4,4,18
2023-04-19 03:31:00,0.52,1,4,19
2023-04-19 09:47:00,2.07,2,4,19
2023-04-19 15:43:00,0.59,3,4,19
2023-04-19 21:46:00,2.18,4,4,19
2023-04-20 03:59:00,0.64,1,4,20
2023-04-20 10:03:00,2.22,2,4,20
2023-04-20 16:31:00,0.44,3,4,20
2023-04-20 22:40:00,2.06,4,4,20
2023-04-21 04:24:00,0.78,1,4,21
2023-04-21 10:24:00,2.34,2,4,21
2023-04-21 17:18:00,0.36,3,4,21
2023-04-21 23:33:00,1.91,4,4,21
2023-04-22 04:46:00,0.92,1,4,22
2023-04-22 10:49:00,2.42,2,4,22
2023-04-22 18:05:00,0.34,3,4,22
2023-04-23 00:23:00,1.75,1,4,23
2023-04-23 05:08:00,1.05,2,4,23
2023-04-23 11:15:00,2.44,3,4,23
2023-04-23 18:53:00,0.37,4,4,23
2023-04-24 01:14:00,1.6,1,4,24
2023-04-24 05:29:00,1.16,2,4,24
2023-04-24 11:43:00,2.41,3,4,24
2023-04-24 19:44:00,0.43,4,4,24
2023-04-25 02:10:00,1.47,1,4,25
2023-04-25 05:43:00,1.26,2,4,25
2023-04-25 12:11:00,2.33,3,4,25
2023-04-25 20:39:00,0.5,4,4,25
2023-04-26 12:43:00,2.23,1,4,26
2023-04-26 21:40:00,0.57,2,4,26
2023-04-27 13:25:00,2.1,1,4,27
2023-04-27 22:49:00,0.6,2,4,27
2023-04-28 14:45:00,1.96,1,4,28
2023-04-28 23:59:00,0.61,2,4,28
2023-04-29 16:38:00,1.89,1,4,29
2023-04-30 00:54:00,0.6,1,4,30
2023-04-30 08:42:00,1.65,2,4,30
2023-04-30 12:41:00,1.48,3,4,30
2023-04-30 18:07:00,1.87,4,4,30
2023-05-01 01:36:00,0.61,1,5,1
2023-05-01 08:27:00,1.72,2,5,1
2023-05-01 13:37:00,1.28,3,5,1
2023-05-01 19:14:00,1.89,4,5,1
2023-05-02 02:09:00,0.63,1,5,2
2023-05-02 08:35:00,1.83,2,5,2
2023-05-02 14:19:00,1.07,3,5,2
2023-05-02 20:08:00,1.91,4,5,2
2023-05-03 02:38:00,0.68,1,5,3
2023-05-03 08:48:00,1.97,2,5,3
2023-05-03 14:58:00,0.86,3,5,3
2023-05-03 20:59:00,1.91,4,5,3
2023-05-04 03:03:00,0.74,1,5,4
2023-05-04 09:04:00,2.12,2,5,4
2023-05-04 15:37:00,0.66,3,5,4
2023-05-04 21:50:00,1.89,4,5,4
2023-05-05 03:27:00,0.82,1,5,5
2023-05-05 09:24:00,2.29,2,5,5
2023-05-05 16:16:00,0.48,3,5,5
2023-05-05 22:42:00,1.85,4,5,5
2023-05-06 03:54:00,0.9,1,5,6
2023-05-06 09:50:00,2.44,2,5,6
2023-05-06 16:59:00,0.35,3,5,6
2023-05-06 23:35:00,1.78,4,5,6
2023-05-07 04:21:00,1.0,1,5,7
2023-05-07 10:19:00,2.56,2,5,7
2023-05-07 17:44:00,0.27,3,5,7
2023-05-08 00:31:00,1.69,1,5,8
2023-05-08 04:50:00,1.1,2,5,8
2023-05-08 10:51:00,2.64,3,5,8
2023-05-08 18:35:00,0.23,4,5,8
2023-05-09 01:28:00,1.58,1,5,9
2023-05-09 05:20:00,1.21,2,5,9
2023-05-09 11:28:00,2.65,3,5,9
2023-05-09 19:31:00,0.24,4,5,9
2023-05-10 02:33:00,1.49,1,5,10
2023-05-10 05:51:00,1.32,2,5,10
2023-05-10 12:10:00,2.6,3,5,10
2023-05-10 20:32:00,0.28,4,5,10
2023-05-11 13:01:00,2.48,1,5,11
2023-05-11 21:36:00,0.33,2,5,11
2023-05-12 14:10:00,2.33,1,5,12
2023-05-12 22:42:00,0.38,2,5,12
2023-05-13 07:06:00,1.63,1,5,13
2023-05-13 09:52:00,1.55,2,5,13
2023-05-13 15:54:00,2.2,3,5,13
2023-05-13 23:48:00,0.43,4,5,13
2023-05-14 07:35:00,1.73,1,5,14
2023-05-14 11:36:00,1.4,2,5,14
2023-05-14 17:26:00,2.11,3,5,14
2023-05-15 00:43:00,0.5,1,5,15
2023-05-15 08:00:00,1.84,2,5,15
2023-05-15 12:52:00,1.16,3,5,15
2023-05-15 18:41:00,2.04,4,5,15
2023-05-16 01:29:00,0.58,1,5,16
2023-05-16 08:20:00,1.96,2,5,16
2023-05-16 13:53:00,0.9,3,5,16
2023-05-16 19:46:00,1.96,4,5,16
2023-05-17 02:06:00,0.69,1,5,17
2023-05-17 08:37:00,2.11,2,5,17
2023-05-17 14:48:00,0.66,3,5,17
2023-05-17 20:49:00,1.88,4,5,17
2023-05-18 02:38:00,0.81,1,5,18
2023-05-18 08:54:00,2.27,2,5,18
2023-05-18 15:40:00,0.46,3,5,18
2023-05-18 21:51:00,1.79,4,5,18
2023-05-19 03:07:00,0.93,1,5,19
2023-05-19 09:17:00,2.4,2,5,19
2023-05-19 16:29:00,0.33,3,5,19
2023-05-19 22:50:00,1.71,4,5,19
2023-05-20 03:34:00,1.03,1,5,20
2023-05-20 09:43:00,2.49,2,5,20
2023-05-20 17:16:00,0.26,3,5,20
2023-05-20 23:42:00,1.63,4,5,20
2023-05-21 04:00:00,1.12,1,5,21
2023-05-21 10:12:00,2.53,2,5,21
2023-05-21 18:02:00,0.25,3,5,21
2023-05-22 00:29:00,1.56,1,5,22
2023-05-22 04:25:00,1.19,2,5,22
2023-05-22 10:43:00,2.52,3,5,22
2023-05-22 18:48:00,0.28,4,5,22
2023-05-23 01:15:00,1.5,1,5,23
2023-05-23 04:48:00,1.26,2,5,23
2023-05-23 11:14:00,2.46,3,5,23
2023-05-23 19:33:00,0.33,4,5,23
2023-05-24 02:05:00,1.44,1,5,24
2023-05-24 05:05:00,1.32,2,5,24
2023-05-24 11:46:00,2.38,3,5,24
2023-05-24 20:19:00,0.39,4,5,24
2023-05-25 12:22:00,2.26,1,5,25
2023-05-25 21:07:00,0.46,2,5,25
2023-05-26 13:05:00,2.13,1,5,26
2023-05-26 21:57:00,0.53,2,5,26
2023-05-27 14:02:00,1.98,1,5,27
2023-05-27 22:48:00,0.59,2,5,27
2023-05-28 15:35:00,1.84,1,5,28
2023-05-28 23:38:00,0.65,2,5,28
2023-05-29 07:01:00,1.67,1,5,29
2023-05-29 11:44:00,1.42,2,5,29
2023-05-29 17:02:00,1.74,3,5,29
2023-05-30 00:21:00,0.71,1,5,30
2023-05-30 07:16:00,1.79,2,5,30
2023-05-30 13:02:00,1.22,3,5,30
2023-05-30 18:26:00,1.69,4,5,30
2023-05-31 00:58:00,0.77,1,5,31
2023-05-31 07:32:00,1.93,2,5,31
2023-05-31 13:53:00,0.98,3,5,31
2023-05-31 19:43:00,1.66,4,5,31
2023-06-01 01:31:00,0.84,1,6,1
2023-06-01 07:49:00,2.11,2,6,1
2023-06-01 14:39:00,0.75,3,6,1
2023-06-01 20:48:00,1.65,4,6,1
2023-06-02 02:03:00,0.92,1,6,2
2023-06-02 08:11:00,2.3,2,6,2
2023-06-02 15:23:00,0.52,3,6,2
2023-06-02 21:51:00,1.64,4,6,2
2023-06-03 02:36:00,1.0,1,6,3
2023-06-03 08:40:00,2.48,2,6,3
2023-06-03 16:09:00,0.33,3,6,3
2023-06-03 22:50:00,1.63,4,6,3
2023-06-04 03:09:00,1.08,1,6,4
2023-06-04 09:13:00,2.64,2,6,4
2023-06-04 16:58:00,0.19,3,6,4
2023-06-04 23:46:00,1.6,4,6,4
2023-06-05 03:44:00,1.15,1,6,5
2023-06-05 09:51:00,2.74,2,6,5
2023-06-05 17:49:00,0.1,3,6,5
2023-06-06 00:40:00,1.56,1,6,6
2023-06-06 04:21:00,1.21,2,6,6
2023-06-06 10:33:00,2.78,3,6,6
2023-06-06 18:41:00,0.08,4,6,6
2023-06-07 01:33:00,1.52,1,6,7
2023-06-07 05:02:00,1.26,2,6,7
2023-06-07 11:19:00,2.75,3,6,7
2023-06-07 19:33:00,0.1,4,6,7
2023-06-08 02:29:00,1.5,1,6,8
2023-06-08 05:49:00,1.32,2,6,8
2023-06-08 12:09:00,2.65,3,6,8
2023-06-08 20:25:00,0.17,4,6,8
2023-06-09 03:34:00,1.51,1,6,9
2023-06-09 06:48:00,1.37,2,6,9
2023-06-09 13:07:00,2.49,3,6,9
2023-06-09 21:17:00,0.27,4,6,9
2023-06-10 04:51:00,1.57,1,6,10
2023-06-10 08:10:00,1.4,2,6,10
2023-06-10 14:18:00,2.29,3,6,10
2023-06-10 22:10:00,0.4,4,6,10
2023-06-11 05:48:00,1.67,1,6,11
2023-06-11 09:56:00,1.34,2,6,11
2023-06-11 15:46:00,2.09,3,6,11
2023-06-11 23:01:00,0.54,4,6,11
2023-06-12 06:27:00,1.79,1,6,12
2023-06-12 11:22:00,1.2,2,6,12
2023-06-12 17:09:00,1.89,3,6,12
2023-06-12 23:50:00,0.68,4,6,12
2023-06-13 06:58:00,1.93,1,6,13
2023-06-13 12:39:00,0.99,2,6,13
2023-06-13 18:29:00,1.72,3,6,13
2023-06-14 00:34:00,0.83,1,6,14
2023-06-14 07:23:00,2.08,2,6,14
2023-06-14 13:47:00,0.76,3,6,14
2023-06-14 19:48:00,1.6,4,6,14
2023-06-15 01:12:00,0.96,1,6,15
2023-06-15 07:47:00,2.22,2,6,15
2023-06-15 14:47:00,0.55,3,6,15
2023-06-15 21:09:00,1.53,4,6,15
2023-06-16 01:47:00,1.07,1,6,16
2023-06-16 08:12:00,2.36,2,6,16
2023-06-16 15:40:00,0.38,3,6,16
2023-06-16 22:14:00,1.5,4,6,16
2023-06-17 02:19:00,1.14,1,6,17
2023-06-17 08:41:00,2.46,2,6,17
2023-06-17 16:29:00,0.27,3,6,17
2023-06-17 23:02:00,1.48,4,6,17
2023-06-18 02:50:00,1.2,1,6,18
2023-06-18 09:13:00,2.52,2,6,18
2023-06-18 17:14:00,0.22,3,6,18
2023-06-18 23:44:00,1.48,4,6,18
2023-06-19 03:21:00,1.23,1,6,19
2023-06-19 09:47:00,2.53,2,6,19
2023-06-19 17:56:00,0.21,3,6,19
2023-06-20 00:23:00,1.47,1,6,20
2023-06-20 03:53:00,1.25,2,6,20
2023-06-20 10:22:00,2.51,3,6,20
2023-06-20 18:37:00,0.23,4,6,20
2023-06-21 01:01:00,1.46,1,6,21
2023-06-21 04:26:00,1.26,2,6,21
2023-06-21 10:57:00,2.46,3,6,21
2023-06-21 19:15:00,0.28,4,6,21
2023-06-22 01:40:00,1.45,1,6,22
2023-06-22 05:02:00,1.28,2,6,22
2023-06-22 11:33:00,2.38,3,6,22
2023-06-22 19:53:00,0.35,4,6,22
2023-06-23 02:21:00,1.45,1,6,23
2023-06-23 05:42:00,1.31,2,6,23
2023-06-23 12:10:00,2.28,3,6,23
2023-06-23 20:29:00,0.43,4,6,23
2023-06-24 03:05:00,1.47,1,6,24
2023-06-24 06:31:00,1.35,2,6,24
2023-06-24 12:49:00,2.15,3,6,24
2023-06-24 21:05:00,0.51,4,6,24
2023-06-25 03:52:00,1.52,1,6,25
2023-06-25 07:38:00,1.39,2,6,25
2023-06-25 13:34:00,1.98,3,6,25
2023-06-25 21:42:00,0.61,4,6,25
2023-06-26 04:39:00,1.6,1,6,26
2023-06-26 09:14:00,1.38,2,6,26
2023-06-26 14:33:00,1.8,3,6,26
2023-06-26 22:21:00,0.72,4,6,26
2023-06-27 05:16:00,1.71,1,6,27
2023-06-27 10:45:00,1.29,2,6,27
2023-06-27 16:06:00,1.63,3,6,27
2023-06-27 23:01:00,0.83,4,6,27
2023-06-28 05:46:00,1.85,1,6,28
2023-06-28 12:12:00,1.12,2,6,28
2023-06-28 17:43:00,1.5,3,6,28
2023-06-28 23:42:00,0.93,4,6,28
2023-06-29 06:16:00,2.03,1,6,29
2023-06-29 13:25:00,0.88,2,6,29
2023-06-29 19:35:00,1.45,3,6,29
2023-06-30 00:24:00,1.03,1,6,30
2023-06-30 06:48:00,2.22,2,6,30
2023-06-30 14:22:00,0.64,3,6,30
2023-06-30 20:56:00,1.46,4,6,30
2023-07-01 01:07:00,1.12,1,7,1
2023-07-01 07:24:00,2.42,2,7,1
2023-07-01 15:14:00,0.4,3,7,1
2023-07-01 22:03:00,1.49,4,7,1
2023-07-02 01:50:00,1.18,1,7,2
2023-07-02 08:04:00,2.6,2,7,2
2023-07-02 16:06:00,0.21,3,7,2
2023-07-02 22:58:00,1.52,4,7,2
2023-07-03 02:35:00,1.22,1,7,3
2023-07-03 08:49:00,2.75,2,7,3
2023-07-03 16:57:00,0.07,3,7,3
2023-07-03 23:47:00,1.54,4,7,3
2023-07-04 03:22:00,1.22,1,7,4
2023-07-04 09:36:00,2.83,2,7,4
2023-07-04 17:47:00,0.01,3,7,4
2023-07-05 00:32:00,1.55,1,7,5
2023-07-05 04:11:00,1.21,2,7,5
2023-07-05 10:26:00,2.85,3,7,5
2023-07-05 18:34:00,0.01,4,7,5
2023-07-06 01:16:00,1.56,1,7,6
2023-07-06 05:03:00,1.19,2,7,6
2023-07-06 11:17:00,2.79,3,7,6
2023-07-06 19:19:00,0.07,4,7,6
2023-07-07 02:01:00,1.58,1,7,7
2023-07-07 05:58:00,1.18,2,7,7
2023-07-07 12:11:00,2.65,3,7,7
2023-07-07 20:02:00,0.19,4,7,7
2023-07-08 02:47:00,1.62,1,7,8
2023-07-08 07:01:00,1.17,2,7,8
2023-07-08 13:08:00,2.45,3,7,8
2023-07-08 20:44:00,0.35,4,7,8
2023-07-09 03:34:00,1.7,1,7,9
2023-07-09 08:18:00,1.17,2,7,9
2023-07-09 14:13:00,2.18,3,7,9
2023-07-09 21:25:00,0.55,4,7,9
2023-07-10 04:23:00,1.8,1,7,10
2023-07-10 09:41:00,1.13,2,7,10
2023-07-10 15:26:00,1.89,3,7,10
2023-07-10 22:06:00,0.75,4,7,10
2023-07-11 05:11:00,1.91,1,7,11
2023-07-11 11:03:00,1.03,2,7,11
2023-07-11 16:51:00,1.62,3,7,11
2023-07-11 22:47:00,0.94,4,7,11
2023-07-12 05:53:00,2.03,1,7,12
2023-07-12 12:28:00,0.87,2,7,12
2023-07-12 18:34:00,1.43,3,7,12
2023-07-12 23:28:00,1.11,4,7,12
2023-07-13 06:31:00,2.16,1,7,13
2023-07-13 13:47:00,0.68,2,7,13
2023-07-13 20:36:00,1.37,3,7,13
2023-07-14 00:10:00,1.22,1,7,14
2023-07-14 07:06:00,2.27,2,7,14
2023-07-14 14:50:00,0.49,3,7,14
2023-07-14 21:50:00,1.39,4,7,14
2023-07-15 00:53:00,1.29,1,7,15
2023-07-15 07:41:00,2.37,2,7,15
2023-07-15 15:41:00,0.35,3,7,15
2023-07-15 22:33:00,1.42,4,7,15
2023-07-16 01:38:00,1.31,1,7,16
2023-07-16 08:18:00,2.44,2,7,16
2023-07-16 16:25:00,0.27,3,7,16
2023-07-16 23:05:00,1.44,4,7,16
2023-07-17 02:21:00,1.3,1,7,17
2023-07-17 08:56:00,2.49,2,7,17
2023-07-17 17:05:00,0.23,3,7,17
2023-07-17 23:33:00,1.47,4,7,17
2023-07-18 03:03:00,1.27,1,7,18
2023-07-18 09:34:00,2.5,2,7,18
2023-07-18 17:41:00,0.23,3,7,18
2023-07-19 00:02:00,1.49,1,7,19
2023-07-19 03:45:00,1.24,2,7,19
2023-07-19 10:11:00,2.5,3,7,19
2023-07-19 18:15:00,0.27,4,7,19
2023-07-20 00:30:00,1.51,1,7,20
2023-07-20 04:26:00,1.21,2,7,20
2023-07-20 10:47:00,2.46,3,7,20
2023-07-20 18:47:00,0.32,4,7,20
2023-07-21 00:57:00,1.54,1,7,21
2023-07-21 05:07:00,1.19,2,7,21
2023-07-21 11:22:00,2.39,3,7,21
2023-07-21 19:15:00,0.4,4,7,21
2023-07-22 01:24:00,1.57,1,7,22
2023-07-22 05:51:00,1.18,2,7,22
2023-07-22 11:57:00,2.29,3,7,22
2023-07-22 19:42:00,0.49,4,7,22
2023-07-23 01:53:00,1.62,1,7,23
2023-07-23 06:38:00,1.19,2,7,23
2023-07-23 12:34:00,2.14,3,7,23
2023-07-23 20:09:00,0.6,4,7,23
2023-07-24 02:25:00,1.69,1,7,24
2023-07-24 07:33:00,1.2,2,7,24
2023-07-24 13:13:00,1.96,3,7,24
2023-07-24 20:37:00,0.73,4,7,24
2023-07-25 03:02:00,1.77,1,7,25
2023-07-25 08:42:00,1.19,2,7,25
2023-07-25 14:01:00,1.75,3,7,25
2023-07-25 21:08:00,0.87,4,7,25
2023-07-26 03:41:00,1.87,1,7,26
2023-07-26 10:02:00,1.13,2,7,26
2023-07-26 15:28:00,1.53,3,7,26
2023-07-26 21:42:00,1.02,4,7,26
2023-07-27 04:24:00,1.99,1,7,27
2023-07-27 11:26:00,1.0,2,7,27
2023-07-27 17:42:00,1.37,3,7,27
2023-07-27 22:24:00,1.16,4,7,27
2023-07-28 05:09:00,2.15,1,7,28
2023-07-28 12:59:00,0.79,2,7,28
2023-07-28 20:05:00,1.38,3,7,28
2023-07-28 23:16:00,1.28,4,7,28
2023-07-29 05:58:00,2.32,1,7,29
2023-07-29 14:11:00,0.56,2,7,29
2023-07-29 21:23:00,1.45,3,7,29
2023-07-30 00:19:00,1.35,1,7,30
2023-07-30 06:49:00,2.5,2,7,30
2023-07-30 15:08:00,0.33,3,7,30
2023-07-30 22:14:00,1.52,4,7,30
2023-07-31 01:23:00,1.36,1,7,31
2023-07-31 07:43:00,2.67,2,7,31
2023-07-31 16:00:00,0.16,3,7,31
2023-07-31 22:54:00,1.57,4,7,31
2023-08-01 02:24:00,1.31,1,8,1
2023-08-01 08:37:00,2.8,2,8,1
2023-08-01 16:47:00,0.06,3,8,1
2023-08-01 23:30:00,1.62,4,8,1
2023-08-02 03:20:00,1.22,1,8,2
2023-08-02 09:30:00,2.88,2,8,2
2023-08-02 17:30:00,0.03,3,8,2
2023-08-03 00:06:00,1.66,1,8,3
2023-08-03 04:14:00,1.12,2,8,3
2023-08-03 10:24:00,2.87,3,8,3
2023-08-03 18:11:00,0.09,4,8,3
2023-08-04 00:42:00,1.71,1,8,4
2023-08-04 05:07:00,1.03,2,8,4
2023-08-04 11:16:00,2.78,3,8,4
2023-08-04 18:49:00,0.21,4,8,4
2023-08-05 01:18:00,1.78,1,8,5
2023-08-05 06:02:00,0.97,2,8,5
2023-08-05 12:09:00,2.59,3,8,5
2023-08-05 19:23:00,0.38,4,8,5
2023-08-06 01:54:00,1.86,1,8,6
2023-08-06 07:01:00,0.95,2,8,6
2023-08-06 13:02:00,2.33,3,8,6
2023-08-06 19:55:00,0.59,4,8,6
2023-08-07 02:31:00,1.94,1,8,7
2023-08-07 08:08:00,0.95,2,8,7
2023-08-07 14:00:00,2.02,3,8,7
2023-08-07 20:23:00,0.81,4,8,7
2023-08-08 03:10:00,2.02,1,8,8
2023-08-08 09:22:00,0.96,2,8,8
2023-08-08 15:09:00,1.69,3,8,8
2023-08-08 20:46:00,1.02,4,8,8
2023-08-09 03:53:00,2.08,1,8,9
2023-08-09 10:43:00,0.92,2,8,9
2023-08-09 16:49:00,1.42,3,8,9
2023-08-09 21:05:00,1.21,4,8,9
2023-08-10 04:43:00,2.14,1,8,10
2023-08-10 12:21:00,0.81,2,8,10
2023-08-11 05:40:00,2.2,1,8,11
2023-08-11 13:50:00,0.65,2,8,11
2023-08-12 06:35:00,2.26,1,8,12
2023-08-12 14:47:00,0.5,2,8,12
2023-08-13 07:23:00,2.34,1,8,13
2023-08-13 15:31:00,0.4,2,8,13
2023-08-13 22:36:00,1.53,3,8,13
2023-08-14 01:30:00,1.45,1,8,14
2023-08-14 08:07:00,2.4,2,8,14
2023-08-14 16:08:00,0.34,3,8,14
2023-08-14 22:48:00,1.56,4,8,14
2023-08-15 02:23:00,1.37,1,8,15
2023-08-15 08:48:00,2.46,2,8,15
2023-08-15 16:42:00,0.33,3,8,15
2023-08-15 23:04:00,1.59,4,8,15
2023-08-16 03:07:00,1.28,1,8,16
2023-08-16 09:27:00,2.49,2,8,16
2023-08-16 17:13:00,0.35,3,8,16
2023-08-16 23:23:00,1.64,4,8,16
2023-08-17 03:48:00,1.19,1,8,17
2023-08-17 10:04:00,2.49,2,8,17
2023-08-17 17:41:00,0.4,3,8,17
2023-08-17 23:41:00,1.69,4,8,17
2023-08-18 04:28:00,1.11,1,8,18
2023-08-18 10:39:00,2.45,2,8,18
2023-08-18 18:06:00,0.48,3,8,18
2023-08-18 23:59:00,1.76,4,8,18
2023-08-19 05:07:00,1.06,1,8,19
2023-08-19 11:13:00,2.37,2,8,19
2023-08-19 18:27:00,0.57,3,8,19
2023-08-20 00:19:00,1.83,1,8,20
2023-08-20 05:48:00,1.02,2,8,20
2023-08-20 11:47:00,2.25,3,8,20
2023-08-20 18:47:00,0.68,4,8,20
2023-08-21 00:41:00,1.91,1,8,21
2023-08-21 06:31:00,1.01,2,8,21
2023-08-21 12:23:00,2.1,3,8,21
2023-08-21 19:08:00,0.8,4,8,21
2023-08-22 01:07:00,1.99,1,8,22
2023-08-22 07:19:00,1.01,2,8,22
2023-08-22 13:03:00,1.9,3,8,22
2023-08-22 19:29:00,0.94,4,8,22
2023-08-23 01:37:00,2.06,1,8,23
2023-08-23 08:18:00,1.0,2,8,23
2023-08-23 13:55:00,1.67,3,8,23
2023-08-23 19:51:00,1.1,4,8,23
2023-08-24 02:13:00,2.13,1,8,24
2023-08-24 09:32:00,0.97,2,8,24
2023-08-24 15:46:00,1.46,3,8,24
2023-08-24 20:10:00,1.26,4,8,24
2023-08-25 03:01:00,2.2,1,8,25
2023-08-25 10:57:00,0.89,2,8,25
2023-08-26 04:07:00,2.28,1,8,26
2023-08-26 12:40:00,0.73,2,8,26
2023-08-27 05:20:00,2.4,1,8,27
2023-08-27 13:59:00,0.52,2,8,27
2023-08-27 21:42:00,1.62,3,8,27
2023-08-28 00:04:00,1.57,1,8,28
2023-08-28 06:31:00,2.54,2,8,28
2023-08-28 14:54:00,0.34,3,8,28
2023-08-28 22:03:00,1.69,4,8,28
2023-08-29 01:26:00,1.48,1,8,29
2023-08-29 07:35:00,2.69,2,8,29
2023-08-29 15:40:00,0.23,3,8,29
2023-08-29 22:30:00,1.75,4,8,29
2023-08-30 02:28:00,1.31,1,8,30
2023-08-30 08:33:00,2.81,2,8,30
2023-08-30 16:22:00,0.19,3,8,30
2023-08-30 22:57:00,1.81,4,8,30
2023-08-31 03:23:00,1.12,1,8,31
2023-08-31 09:28:00,2.85,2,8,31
2023-08-31 17:00:00,0.23,3,8,31
2023-08-31 23:25:00,1.9,4,8,31
2023-09-01 04:16:00,0.95,1,9,1
2023-09-01 10:21:00,2.8,2,9,1
2023-09-01 17:34:00,0.34,3,9,1
2023-09-01 23:52:00,2.0,4,9,1
2023-09-02 05:07:00,0.82,1,9,2
2023-09-02 11:13:00,2.66,2,9,2
2023-09-02 18:05:00,0.5,3,9,2
2023-09-03 00:18:00,2.11,1,9,3
2023-09-03 05:59:00,0.76,2,9,3
2023-09-03 12:04:00,2.43,3,9,3
2023-09-03 18:30:00,0.7,4,9,3
2023-09-04 00:40:00,2.2,1,9,4
2023-09-04 06:54:00,0.75,2,9,4
2023-09-04 12:55:00,2.15,3,9,4
2023-09-04 18:51:00,0.91,4,9,4
2023-09-05 01:04:00,2.27,1,9,5
2023-09-05 07:54:00,0.79,2,9,5
2023-09-05 13:54:00,1.84,3,9,5
2023-09-05 19:10:00,1.11,4,9,5
2023-09-06 01:33:00,2.29,1,9,6
2023-09-06 09:02:00,0.84,2,9,6
2023-09-06 15:10:00,1.57,3,9,6
2023-09-06 19:26:00,1.29,4,9,6
2023-09-07 02:11:00,2.28,1,9,7
2023-09-07 10:21:00,0.85,2,9,7
2023-09-08 03:07:00,2.23,1,9,8
2023-09-08 12:04:00,0.8,2,9,8
2023-09-09 04:41:00,2.2,1,9,9
2023-09-09 13:30:00,0.69,2,9,9
2023-09-10 06:10:00,2.23,1,9,10
2023-09-10 14:23:00,0.59,2,9,10
2023-09-11 07:10:00,2.28,1,9,11
2023-09-11 15:02:00,0.53,2,9,11
2023-09-11 22:06:00,1.71,3,9,11
2023-09-12 01:50:00,1.52,1,9,12
2023-09-12 07:58:00,2.35,2,9,12
2023-09-12 15:35:00,0.51,3,9,12
2023-09-12 22:10:00,1.75,4,9,12
2023-09-13 02:34:00,1.37,1,9,13
2023-09-13 08:40:00,2.4,2,9,13
2023-09-13 16:05:00,0.52,3,9,13
2023-09-13 22:18:00,1.81,4,9,13
2023-09-14 03:12:00,1.23,1,9,14
2023-09-14 09:18:00,2.42,2,9,14
2023-09-14 16:31:00,0.57,3,9,14
2023-09-14 22:30:00,1.89,4,9,14
2023-09-15 03:48:00,1.1,1,9,15
2023-09-15 09:56:00,2.41,2,9,15
2023-09-15 16:54:00,0.64,3,9,15
2023-09-15 22:45:00,1.98,4,9,15
2023-09-16 04:24:00,0.99,1,9,16
2023-09-16 10:32:00,2.36,2,9,16
2023-09-16 17:14:00,0.73,3,9,16
2023-09-16 23:01:00,2.09,4,9,16
2023-09-17 05:01:00,0.91,1,9,17
2023-09-17 11:08:00,2.28,2,9,17
2023-09-17 17:32:00,0.83,3,9,17
2023-09-17 23:20:00,2.19,4,9,17
2023-09-18 05:40:00,0.85,1,9,18
2023-09-18 11:46:00,2.15,2,9,18
2023-09-18 17:51:00,0.94,3,9,18
2023-09-18 23:42:00,2.28,4,9,18
2023-09-19 06:21:00,0.82,1,9,19
2023-09-19 12:27:00,1.99,2,9,19
2023-09-19 18:12:00,1.07,3,9,19
2023-09-20 00:07:00,2.36,1,9,20
2023-09-20 07:07:00,0.82,2,9,20
2023-09-20 13:18:00,1.8,3,9,20
2023-09-20 18:33:00,1.21,4,9,20
2023-09-21 00:36:00,2.4,1,9,21
2023-09-21 08:04:00,0.82,2,9,21
2023-09-21 14:40:00,1.61,3,9,21
2023-09-21 18:49:00,1.36,4,9,21
2023-09-22 01:10:00,2.42,1,9,22
2023-09-22 09:16:00,0.82,2,9,22
2023-09-23 01:56:00,2.41,1,9,23
2023-09-23 10:40:00,0.78,2,9,23
2023-09-24 03:13:00,2.39,1,9,24
2023-09-24 12:18:00,0.68,2,9,24
2023-09-25 05:00:00,2.42,1,9,25
2023-09-25 13:33:00,0.54,2,9,25
2023-09-25 21:15:00,1.82,3,9,25
2023-09-26 00:24:00,1.68,1,9,26
2023-09-26 06:24:00,2.52,2,9,26
2023-09-26 14:25:00,0.45,3,9,26
2023-09-26 21:30:00,1.89,4,9,26
2023-09-27 01:35:00,1.46,1,9,27
2023-09-27 07:31:00,2.63,2,9,27
2023-09-27 15:07:00,0.41,3,9,27
2023-09-27 21:51:00,1.97,4,9,27
2023-09-28 02:32:00,1.2,1,9,28
2023-09-28 08:29:00,2.69,2,9,28
2023-09-28 15:44:00,0.45,3,9,28
2023-09-28 22:11:00,2.08,4,9,28
2023-09-29 03:23:00,0.96,1,9,29
2023-09-29 09:24:00,2.67,2,9,29
2023-09-29 16:17:00,0.55,3,9,29
2023-09-29 22:29:00,2.21,4,9,29
2023-09-30 04:13:00,0.76,1,9,30
2023-09-30 10:17:00,2.57,2,9,30
2023-09-30 16:46:00,0.69,3,9,30
2023-09-30 22:47:00,2.35,4,9,30
2023-10-01 05:03:00,0.63,1,10,1
2023-10-01 11:11:00,2.39,2,10,1
2023-10-01 17:10:00,0.87,3,10,1
2023-10-01 23:09:00,2.48,4,10,1
2023-10-02 05:53:00,0.58,1,10,2
2023-10-02 12:05:00,2.17,2,10,2
2023-10-02 17:32:00,1.04,3,10,2
2023-10-02 23:34:00,2.55,4,10,2
2023-10-03 06:46:00,0.6,1,10,3
2023-10-03 13:01:00,1.94,2,10,3
2023-10-03 17:53:00,1.21,3,10,3
2023-10-04 00:02:00,2.57,1,10,4
2023-10-04 07:42:00,0.66,2,10,4
2023-10-04 14:03:00,1.72,3,10,4
2023-10-04 18:11:00,1.37,4,10,4
2023-10-05 00:31:00,2.52,1,10,5
2023-10-05 08:44:00,0.73,2,10,5
2023-10-05 15:22:00,1.55,3,10,5
2023-10-05 18:01:00,1.49,4,10,5
2023-10-06 01:04:00,2.43,1,10,6
2023-10-06 09:55:00,0.79,2,10,6
2023-10-07 01:50:00,2.3,1,10,7
2023-10-07 11:23:00,0.8,2,10,7
2023-10-08 03:26:00,2.18,1,10,8
2023-10-08 12:42:00,0.76,2,10,8
2023-10-09 05:35:00,2.14,1,10,9
2023-10-09 13:35:00,0.72,2,10,9
2023-10-09 21:25:00,1.85,3,10,9
2023-10-10 01:04:00,1.71,1,10,10
2023-10-10 06:47:00,2.17,2,10,10
2023-10-10 14:14:00,0.7,3,10,10
2023-10-10 21:19:00,1.88,4,10,10
2023-10-11 01:53:00,1.52,1,10,11
2023-10-11 07:39:00,2.21,2,10,11
2023-10-11 14:46:00,0.71,3,10,11
2023-10-11 21:17:00,1.94,4,10,11
2023-10-12 02:31:00,1.33,1,10,12
2023-10-12 08:24:00,2.24,2,10,12
2023-10-12 15:14:00,0.76,3,10,12
2023-10-12 21:24:00,2.04,4,10,12
2023-10-13 03:07:00,1.15,1,10,13
2023-10-13 09:06:00,2.24,2,10,13
2023-10-13 15:38:00,0.82,3,10,13
2023-10-13 21:36:00,2.16,4,10,13
2023-10-14 03:41:00,0.98,1,10,14
2023-10-14 09:47:00,2.22,2,10,14
2023-10-14 15:58:00,0.9,3,10,14
2023-10-14 21:51:00,2.28,4,10,14
2023-10-15 04:16:00,0.84,1,10,15
2023-10-15 10:29:00,2.17,2,10,15
2023-10-15 16:18:00,0.99,3,10,15
2023-10-15 22:09:00,2.41,4,10,15
2023-10-16 04:53:00,0.73,1,10,16
2023-10-16 11:12:00,2.08,2,10,16
2023-10-16 16:39:00,1.08,3,10,16
2023-10-16 22:31:00,2.53,4,10,16
2023-10-17 05:31:00,0.66,1,10,17
2023-10-17 11:59:00,1.97,2,10,17
2023-10-17 17:02:00,1.19,3,10,17
2023-10-17 22:56:00,2.62,4,10,17
2023-10-18 06:13:00,0.62,1,10,18
2023-10-18 12:52:00,1.84,2,10,18
2023-10-18 17:25:00,1.31,3,10,18
2023-10-18 23:23:00,2.67,4,10,18
2023-10-19 07:02:00,0.62,1,10,19
2023-10-19 13:56:00,1.71,2,10,19
2023-10-19 17:45:00,1.43,3,10,19
2023-10-19 23:54:00,2.67,4,10,19
2023-10-20 08:01:00,0.65,1,10,20
2023-10-20 15:19:00,1.61,2,10,20
2023-10-20 17:49:00,1.55,3,10,20
2023-10-21 00:32:00,2.62,1,10,21
2023-10-21 09:11:00,0.67,2,10,21
2023-10-22 01:25:00,2.53,1,10,22
2023-10-22 10:27:00,0.67,2,10,22
2023-10-23 02:49:00,2.41,1,10,23
2023-10-23 11:46:00,0.64,2,10,23
2023-10-23 20:20:00,1.88,3,10,23
2023-10-23 22:58:00,1.82,4,10,23
2023-10-24 04:51:00,2.37,1,10,24
2023-10-24 12:53:00,0.61,2,10,24
2023-10-24 20:29:00,1.96,3,10,24
2023-10-25 00:31:00,1.6,1,10,25
2023-10-25 06:17:00,2.39,2,10,25
2023-10-25 13:42:00,0.61,3,10,25
2023-10-25 20:46:00,2.05,4,10,25
2023-10-26 01:35:00,1.31,1,10,26
2023-10-26 07:25:00,2.41,2,10,26
2023-10-26 14:22:00,0.66,3,10,26
2023-10-26 21:02:00,2.17,4,10,26
2023-10-27 02:29:00,1.02,1,10,27
2023-10-27 08:25:00,2.39,2,10,27
2023-10-27 14:56:00,0.76,3,10,27
2023-10-27 21:15:00,2.33,4,10,27
2023-10-28 03:21:00,0.77,1,10,28
2023-10-28 09:23:00,2.31,2,10,28
2023-10-28 15:27:00,0.89,3,10,28
2023-10-28 21:32:00,2.49,4,10,28
2023-10-29 04:11:00,0.58,1,10,29
2023-10-29 10:22:00,2.19,2,10,29
2023-10-29 15:54:00,1.03,3,10,29
2023-10-29 21:55:00,2.64,4,10,29
2023-10-30 05:00:00,0.47,1,10,30
2023-10-30 11:21:00,2.04,2,10,30
2023-10-30 16:19:00,1.17,3,10,30
2023-10-30 22:21:00,2.72,4,10,30
2023-10-31 05:50:00,0.44,1,10,31
2023-10-31 12:16:00,1.89,2,10,31
2023-10-31 16:43:00,1.3,3,10,31
2023-10-31 22:49:00,2.75,4,10,31
2023-11-01 06:40:00,0.47,1,11,1
2023-11-01 13:10:00,1.75,2,11,1
2023-11-01 17:04:00,1.42,3,11,1
2023-11-01 23:18:00,2.7,4,11,1
2023-11-02 07:32:00,0.54,1,11,2
2023-11-02 14:08:00,1.64,2,11,2
2023-11-02 17:13:00,1.51,3,11,2
2023-11-02 23:48:00,2.61,4,11,2
2023-11-03 08:26:00,0.62,1,11,3
2023-11-04 00:19:00,2.47,1,11,4
2023-11-04 09:25:00,0.7,2,11,4
2023-11-05 00:56:00,2.31,1,11,5
2023-11-05 10:30:00,0.76,2,11,5
2023-11-06 02:00:00,2.14,1,11,6
2023-11-06 11:36:00,0.79,2,11,6
2023-11-07 04:14:00,2.02,1,11,7
2023-11-07 12:30:00,0.82,2,11,7
2023-11-07 20:30:00,1.89,3,11,7
2023-11-08 00:47:00,1.68,1,11,8
2023-11-08 05:59:00,1.97,2,11,8
2023-11-08 13:12:00,0.85,3,11,8
2023-11-08 20:14:00,1.95,4,11,8
2023-11-09 01:37:00,1.47,1,11,9
2023-11-09 07:08:00,1.96,2,11,9
2023-11-09 13:46:00,0.89,3,11,9
2023-11-09 20:18:00,2.06,4,11,9
2023-11-10 02:17:00,1.25,1,11,10
2023-11-10 08:03:00,1.95,2,11,10
2023-11-10 14:13:00,0.95,3,11,10
2023-11-10 20:29:00,2.19,4,11,10
2023-11-11 02:54:00,1.03,1,11,11
2023-11-11 08:53:00,1.94,2,11,11
2023-11-11 14:37:00,1.03,3,11,11
2023-11-11 20:42:00,2.34,4,11,11
2023-11-12 03:31:00,0.84,1,11,12
2023-11-12 09:44:00,1.92,2,11,12
2023-11-12 15:00:00,1.1,3,11,12
2023-11-12 21:00:00,2.5,4,11,12
2023-11-13 04:08:00,0.67,1,11,13
2023-11-13 10:34:00,1.89,2,11,13
2023-11-13 15:25:00,1.18,3,11,13
2023-11-13 21:23:00,2.65,4,11,13
2023-11-14 04:47:00,0.54,1,11,14
2023-11-14 11:25:00,1.84,2,11,14
2023-11-14 15:52:00,1.26,3,11,14
2023-11-14 21:51:00,2.76,4,11,14
2023-11-15 05:29:00,0.46,1,11,15
2023-11-15 12:18:00,1.77,2,11,15
2023-11-15 16:19:00,1.35,3,11,15
2023-11-15 22:21:00,2.83,4,11,15
2023-11-16 06:15:00,0.42,1,11,16
2023-11-16 13:13:00,1.7,2,11,16
2023-11-16 16:45:00,1.43,3,11,16
2023-11-16 22:55:00,2.84,4,11,16
2023-11-17 07:07:00,0.43,1,11,17
2023-11-17 14:14:00,1.64,2,11,17
2023-11-17 17:10:00,1.52,3,11,17
2023-11-17 23:35:00,2.79,4,11,17
2023-11-18 08:04:00,0.46,1,11,18
2023-11-19 00:22:00,2.68,1,11,19
2023-11-19 09:04:00,0.51,2,11,19
2023-11-20 01:20:00,2.52,1,11,20
2023-11-20 10:05:00,0.57,2,11,20
2023-11-21 02:43:00,2.34,1,11,21
2023-11-21 11:06:00,0.63,2,11,21
2023-11-21 19:13:00,1.89,3,11,21
2023-11-21 22:59:00,1.64,4,11,21
2023-11-22 04:37:00,2.21,1,11,22
2023-11-22 12:03:00,0.7,2,11,22
2023-11-22 19:35:00,2.0,3,11,22
2023-11-23 00:22:00,1.4,1,11,23
2023-11-23 06:05:00,2.11,2,11,23
2023-11-23 12:51:00,0.8,3,11,23
2023-11-23 19:54:00,2.14,4,11,23
2023-11-24 01:29:00,1.11,1,11,24
2023-11-24 07:20:00,2.02,2,11,24
2023-11-24 13:31:00,0.91,3,11,24
2023-11-24 20:09:00,2.3,4,11,24
2023-11-25 02:27:00,0.84,1,11,25
2023-11-25 08:30:00,1.93,2,11,25
2023-11-25 14:05:00,1.03,3,11,25
2023-11-25 20:26:00,2.47,4,11,25
2023-11-26 03:21:00,0.6,1,11,26
2023-11-26 09:40:00,1.85,2,11,26
2023-11-26 14:36:00,1.15,3,11,26
2023-11-26 20:49:00,2.62,4,11,26
2023-11-27 04:12:00,0.44,1,11,27
2023-11-27 10:43:00,1.78,2,11,27
2023-11-27 15:05:00,1.25,3,11,27
2023-11-27 21:16:00,2.73,4,11,27
2023-11-28 05:02:00,0.34,1,11,28
2023-11-28 11:36:00,1.71,2,11,28
2023-11-28 15:33:00,1.34,3,11,28
2023-11-28 21:47:00,2.77,4,11,28
2023-11-29 05:49:00,0.32,1,11,29
2023-11-29 12:23:00,1.66,2,11,29
2023-11-29 15:58:00,1.4,3,11,29
2023-11-29 22:18:00,2.75,4,11,29
2023-11-30 06:35:00,0.35,1,11,30
2023-11-30 13:09:00,1.6,2,11,30
2023-11-30 16:20:00,1.45,3,11,30
2023-11-30 22:51:00,2.68,4,11,30
2023-12-01 07:20:00,0.42,1,12,1
2023-12-01 13:58:00,1.56,2,12,1
2023-12-01 16:20:00,1.49,3,12,1
2023-12-01 23:23:00,2.57,4,12,1
2023-12-02 08:05:00,0.5,1,12,2
2023-12-02 23:57:00,2.44,2,12,2
2023-12-03 08:50:00,0.59,1,12,3
2023-12-04 00:33:00,2.28,1,12,4
2023-12-04 09:35:00,0.68,2,12,4
2023-12-05 01:16:00,2.1,1,12,5
2023-12-05 10:22:00,0.77,2,12,5
2023-12-06 02:20:00,1.91,1,12,6
2023-12-06 11:09:00,0.85,2,12,6
2023-12-06 18:53:00,1.81,3,12,6
2023-12-06 23:49:00,1.59,4,12,6
2023-12-07 04:21:00,1.75,1,12,7
2023-12-07 11:51:00,0.93,2,12,7
2023-12-07 19:03:00,1.92,3,12,7
2023-12-08 01:09:00,1.38,1,12,8
2023-12-08 06:14:00,1.65,2,12,8
2023-12-08 12:28:00,1.01,3,12,8
2023-12-08 19:16:00,2.06,4,12,8
2023-12-09 01:58:00,1.14,1,12,9
2023-12-09 07:44:00,1.61,2,12,9
2023-12-09 13:00:00,1.09,3,12,9
2023-12-09 19:29:00,2.23,4,12,9
2023-12-10 02:40:00,0.9,1,12,10
2023-12-10 08:50:00,1.61,2,12,10
2023-12-10 13:32:00,1.16,3,12,10
2023-12-10 19:48:00,2.41,4,12,10
2023-12-11 03:21:00,0.68,1,12,11
2023-12-11 09:50:00,1.62,2,12,11
2023-12-11 14:04:00,1.22,3,12,11
2023-12-11 20:15:00,2.59,4,12,11
2023-12-12 04:03:00,0.49,1,12,12
2023-12-12 10:46:00,1.62,2,12,12
2023-12-12 14:37:00,1.28,3,12,12
2023-12-12 20:48:00,2.74,4,12,12
2023-12-13 04:46:00,0.35,1,12,13
2023-12-13 11:36:00,1.62,2,12,13
2023-12-13 15:12:00,1.32,3,12,13
2023-12-13 21:24:00,2.84,4,12,13
2023-12-14 05:32:00,0.26,1,12,14
2023-12-14 12:24:00,1.6,2,12,14
2023-12-14 15:48:00,1.36,3,12,14
2023-12-14 22:04:00,2.89,4,12,14
2023-12-15 06:20:00,0.22,1,12,15
2023-12-15 13:13:00,1.58,2,12,15
2023-12-15 16:28:00,1.39,3,12,15
2023-12-15 22:48:00,2.87,4,12,15
2023-12-16 07:08:00,0.24,1,12,16
2023-12-16 14:04:00,1.57,2,12,16
2023-12-16 17:15:00,1.43,3,12,16
2023-12-16 23:35:00,2.79,4,12,16
2023-12-17 07:55:00,0.29,1,12,17
2023-12-17 15:00:00,1.58,2,12,17
2023-12-17 18:10:00,1.46,3,12,17
2023-12-18 00:26:00,2.63,1,12,18
2023-12-18 08:43:00,0.39,2,12,18
2023-12-18 16:06:00,1.63,3,12,18
2023-12-18 19:19:00,1.5,4,12,18
2023-12-19 01:22:00,2.43,1,12,19
2023-12-19 09:31:00,0.51,2,12,19
2023-12-19 17:11:00,1.72,3,12,19
2023-12-19 21:02:00,1.49,4,12,19
2023-12-20 02:34:00,2.18,1,12,20
2023-12-20 10:20:00,0.66,2,12,20
2023-12-20 17:56:00,1.85,3,12,20
2023-12-20 22:42:00,1.37,4,12,20
2023-12-21 04:13:00,1.93,1,12,21
2023-12-21 11:07:00,0.82,2,12,21
2023-12-21 18:29:00,1.99,3,12,21
2023-12-22 00:08:00,1.17,1,12,22
2023-12-22 05:52:00,1.71,2,12,22
2023-12-22 11:53:00,0.98,3,12,22
2023-12-22 18:57:00,2.15,4,12,22
2023-12-23 01:26:00,0.92,1,12,23
2023-12-23 07:32:00,1.58,2,12,23
2023-12-23 12:35:00,1.12,3,12,23
2023-12-23 19:22:00,2.31,4,12,23
2023-12-24 02:32:00,0.67,1,12,24
2023-12-24 09:11:00,1.52,2,12,24
2023-12-24 13:13:00,1.23,3,12,24
2023-12-24 19:48:00,2.46,4,12,24
2023-12-25 03:28:00,0.46,1,12,25
2023-12-25 10:16:00,1.51,2,12,25
2023-12-25 13:49:00,1.31,3,12,25
2023-12-25 20:19:00,2.57,4,12,25
2023-12-26 04:17:00,0.32,1,12,26
2023-12-26 11:03:00,1.51,2,12,26
2023-12-26 14:23:00,1.34,3,12,26
2023-12-26 20:52:00,2.64,4,12,26
2023-12-27 05:03:00,0.25,1,12,27
2023-12-27 11:42:00,1.51,2,12,27
2023-12-27 14:57:00,1.35,3,12,27
2023-12-27 21:28:00,2.66,4,12,27
2023-12-28 05:45:00,0.24,1,12,28
2023-12-28 12:17:00,1.5,2,12,28
2023-12-28 15:31:00,1.35,3,12,28
2023-12-28 22:04:00,2.63,4,12,28
2023-12-29 06:24:00,0.27,1,12,29
2023-12-29 12:51:00,1.49,2,12,29
2023-12-29 16:06:00,1.35,3,12,29
2023-12-29 22:40:00,2.58,4,12,29
2023-12-30 07:01:00,0.33,1,12,30
2023-12-30 13:26:00,1.49,2,12,30
2023-12-30 16:42:00,1.35,3,12,30
2023-12-30 23:14:00,2.49,4,12,30
2023-12-31 07:35:00,0.41,1,12,31
2023-12-31 14:02:00,1.49,2,12,31
2023-12-31 17:21:00,1.36,3,12,31
2023-12-31 23:47:00,2.37,4,12,31
